[{"pk": 46, "model": "auth.permission", "fields": {"codename": "add_logentry", "name": "Can add log entry", "content_type": 16}}, {"pk": 47, "model": "auth.permission", "fields": {"codename": "change_logentry", "name": "Can change log entry", "content_type": 16}}, {"pk": 48, "model": "auth.permission", "fields": {"codename": "delete_logentry", "name": "Can delete log entry", "content_type": 16}}, {"pk": 4, "model": "auth.permission", "fields": {"codename": "add_group", "name": "Can add group", "content_type": 2}}, {"pk": 10, "model": "auth.permission", "fields": {"codename": "add_message", "name": "Can add message", "content_type": 4}}, {"pk": 1, "model": "auth.permission", "fields": {"codename": "add_permission", "name": "Can add permission", "content_type": 1}}, {"pk": 7, "model": "auth.permission", "fields": {"codename": "add_user", "name": "Can add user", "content_type": 3}}, {"pk": 5, "model": "auth.permission", "fields": {"codename": "change_group", "name": "Can change group", "content_type": 2}}, {"pk": 11, "model": "auth.permission", "fields": {"codename": "change_message", "name": "Can change message", "content_type": 4}}, {"pk": 2, "model": "auth.permission", "fields": {"codename": "change_permission", "name": "Can change permission", "content_type": 1}}, {"pk": 8, "model": "auth.permission", "fields": {"codename": "change_user", "name": "Can change user", "content_type": 3}}, {"pk": 6, "model": "auth.permission", "fields": {"codename": "delete_group", "name": "Can delete group", "content_type": 2}}, {"pk": 12, "model": "auth.permission", "fields": {"codename": "delete_message", "name": "Can delete message", "content_type": 4}}, {"pk": 3, "model": "auth.permission", "fields": {"codename": "delete_permission", "name": "Can delete permission", "content_type": 1}}, {"pk": 9, "model": "auth.permission", "fields": {"codename": "delete_user", "name": "Can delete user", "content_type": 3}}, {"pk": 13, "model": "auth.permission", "fields": {"codename": "add_contenttype", "name": "Can add content type", "content_type": 5}}, {"pk": 14, "model": "auth.permission", "fields": {"codename": "change_contenttype", "name": "Can change content type", "content_type": 5}}, {"pk": 15, "model": "auth.permission", "fields": {"codename": "delete_contenttype", "name": "Can delete content type", "content_type": 5}}, {"pk": 16, "model": "auth.permission", "fields": {"codename": "add_session", "name": "Can add session", "content_type": 6}}, {"pk": 17, "model": "auth.permission", "fields": {"codename": "change_session", "name": "Can change session", "content_type": 6}}, {"pk": 18, "model": "auth.permission", "fields": {"codename": "delete_session", "name": "Can delete session", "content_type": 6}}, {"pk": 19, "model": "auth.permission", "fields": {"codename": "add_site", "name": "Can add site", "content_type": 7}}, {"pk": 20, "model": "auth.permission", "fields": {"codename": "change_site", "name": "Can change site", "content_type": 7}}, {"pk": 21, "model": "auth.permission", "fields": {"codename": "delete_site", "name": "Can delete site", "content_type": 7}}, {"pk": 43, "model": "auth.permission", "fields": {"codename": "add_achievement", "name": "Can add achievement", "content_type": 15}}, {"pk": 31, "model": "auth.permission", "fields": {"codename": "add_adult", "name": "Can add adult", "content_type": 11}}, {"pk": 22, "model": "auth.permission", "fields": {"codename": "add_award", "name": "Can add award", "content_type": 8}}, {"pk": 40, "model": "auth.permission", "fields": {"codename": "add_cubscout", "name": "Can add cub scout", "content_type": 14}}, {"pk": 37, "model": "auth.permission", "fields": {"codename": "add_den", "name": "Can add den", "content_type": 13}}, {"pk": 49, "model": "auth.permission", "fields": {"codename": "add_meeting", "name": "Can add meeting", "content_type": 17}}, {"pk": 34, "model": "auth.permission", "fields": {"codename": "add_pack", "name": "Can add pack", "content_type": 12}}, {"pk": 25, "model": "auth.permission", "fields": {"codename": "add_requirement", "name": "Can add requirement", "content_type": 9}}, {"pk": 52, "model": "auth.permission", "fields": {"codename": "add_subrequirementset", "name": "Can add sub requirement set", "content_type": 18}}, {"pk": 44, "model": "auth.permission", "fields": {"codename": "change_achievement", "name": "Can change achievement", "content_type": 15}}, {"pk": 32, "model": "auth.permission", "fields": {"codename": "change_adult", "name": "Can change adult", "content_type": 11}}, {"pk": 23, "model": "auth.permission", "fields": {"codename": "change_award", "name": "Can change award", "content_type": 8}}, {"pk": 41, "model": "auth.permission", "fields": {"codename": "change_cubscout", "name": "Can change cub scout", "content_type": 14}}, {"pk": 38, "model": "auth.permission", "fields": {"codename": "change_den", "name": "Can change den", "content_type": 13}}, {"pk": 50, "model": "auth.permission", "fields": {"codename": "change_meeting", "name": "Can change meeting", "content_type": 17}}, {"pk": 35, "model": "auth.permission", "fields": {"codename": "change_pack", "name": "Can change pack", "content_type": 12}}, {"pk": 26, "model": "auth.permission", "fields": {"codename": "change_requirement", "name": "Can change requirement", "content_type": 9}}, {"pk": 53, "model": "auth.permission", "fields": {"codename": "change_subrequirementset", "name": "Can change sub requirement set", "content_type": 18}}, {"pk": 45, "model": "auth.permission", "fields": {"codename": "delete_achievement", "name": "Can delete achievement", "content_type": 15}}, {"pk": 33, "model": "auth.permission", "fields": {"codename": "delete_adult", "name": "Can delete adult", "content_type": 11}}, {"pk": 24, "model": "auth.permission", "fields": {"codename": "delete_award", "name": "Can delete award", "content_type": 8}}, {"pk": 42, "model": "auth.permission", "fields": {"codename": "delete_cubscout", "name": "Can delete cub scout", "content_type": 14}}, {"pk": 39, "model": "auth.permission", "fields": {"codename": "delete_den", "name": "Can delete den", "content_type": 13}}, {"pk": 51, "model": "auth.permission", "fields": {"codename": "delete_meeting", "name": "Can delete meeting", "content_type": 17}}, {"pk": 36, "model": "auth.permission", "fields": {"codename": "delete_pack", "name": "Can delete pack", "content_type": 12}}, {"pk": 27, "model": "auth.permission", "fields": {"codename": "delete_requirement", "name": "Can delete requirement", "content_type": 9}}, {"pk": 54, "model": "auth.permission", "fields": {"codename": "delete_subrequirementset", "name": "Can delete sub requirement set", "content_type": 18}}, {"pk": 1, "model": "auth.user", "fields": {"username": "eli", "first_name": "", "last_name": "", "is_active": 1, "is_superuser": 1, "is_staff": 1, "last_login": "2010-07-09 15:55:47", "groups": [], "user_permissions": [], "password": "sha1$3d9fb$91274b1f768f3794b0449baf0d897eb7da7caab6", "email": "ender27182818@gmail.com", "date_joined": "2010-07-09 13:41:27"}}, {"pk": 15, "model": "contenttypes.contenttype", "fields": {"model": "achievement", "name": "achievement", "app_label": "wocus"}}, {"pk": 11, "model": "contenttypes.contenttype", "fields": {"model": "adult", "name": "adult", "app_label": "wocus"}}, {"pk": 8, "model": "contenttypes.contenttype", "fields": {"model": "award", "name": "award", "app_label": "wocus"}}, {"pk": 5, "model": "contenttypes.contenttype", "fields": {"model": "contenttype", "name": "content type", "app_label": "contenttypes"}}, {"pk": 14, "model": "contenttypes.contenttype", "fields": {"model": "cubscout", "name": "cub scout", "app_label": "wocus"}}, {"pk": 13, "model": "contenttypes.contenttype", "fields": {"model": "den", "name": "den", "app_label": "wocus"}}, {"pk": 2, "model": "contenttypes.contenttype", "fields": {"model": "group", "name": "group", "app_label": "auth"}}, {"pk": 16, "model": "contenttypes.contenttype", "fields": {"model": "logentry", "name": "log entry", "app_label": "admin"}}, {"pk": 17, "model": "contenttypes.contenttype", "fields": {"model": "meeting", "name": "meeting", "app_label": "wocus"}}, {"pk": 4, "model": "contenttypes.contenttype", "fields": {"model": "message", "name": "message", "app_label": "auth"}}, {"pk": 12, "model": "contenttypes.contenttype", "fields": {"model": "pack", "name": "pack", "app_label": "wocus"}}, {"pk": 1, "model": "contenttypes.contenttype", "fields": {"model": "permission", "name": "permission", "app_label": "auth"}}, {"pk": 9, "model": "contenttypes.contenttype", "fields": {"model": "requirement", "name": "requirement", "app_label": "wocus"}}, {"pk": 6, "model": "contenttypes.contenttype", "fields": {"model": "session", "name": "session", "app_label": "sessions"}}, {"pk": 7, "model": "contenttypes.contenttype", "fields": {"model": "site", "name": "site", "app_label": "sites"}}, {"pk": 18, "model": "contenttypes.contenttype", "fields": {"model": "subrequirementset", "name": "sub requirement set", "app_label": "wocus"}}, {"pk": 3, "model": "contenttypes.contenttype", "fields": {"model": "user", "name": "user", "app_label": "auth"}}, {"pk": "1ad5b4ff7e328cecfe92c7fed167b9ce", "model": "sessions.session", "fields": {"expire_date": "2010-07-23 15:55:47", "session_data": "gAJ9cQEoVRJfYXV0aF91c2VyX2JhY2tlbmRxAlUpZGphbmdvLmNvbnRyaWIuYXV0aC5iYWNrZW5k\ncy5Nb2RlbEJhY2tlbmRxA1UNX2F1dGhfdXNlcl9pZHEEigEBdS5lNzBkMWMyMjMwOWRhNTYyYTk1\nOTU2YzIxNTRhMGZiNA==\n"}}, {"pk": 1, "model": "sites.site", "fields": {"domain": "example.com", "name": "example.com"}}, {"pk": 1, "model": "wocus.award", "fields": {"name": "Bobcat"}}, {"pk": 2, "model": "wocus.award", "fields": {"name": "Wolf"}}, {"pk": 3, "model": "wocus.award", "fields": {"name": "Wolf Gold Arrow Point"}}, {"pk": 4, "model": "wocus.award", "fields": {"name": "Art Belt Loop"}}, {"pk": 5, "model": "wocus.award", "fields": {"name": "Flag Football Belt Loop"}}, {"pk": 1, "model": "wocus.subrequirementset", "fields": {"parent_requirement": 89, "number_required": 5}}, {"pk": 2, "model": "wocus.subrequirementset", "fields": {"parent_requirement": 89, "number_required": 1}}, {"pk": 3, "model": "wocus.subrequirementset", "fields": {"parent_requirement": 91, "number_required": 0}}, {"pk": 4, "model": "wocus.subrequirementset", "fields": {"parent_requirement": 92, "number_required": 0}}, {"pk": 5, "model": "wocus.subrequirementset", "fields": {"parent_requirement": 93, "number_required": 0}}, {"pk": 6, "model": "wocus.subrequirementset", "fields": {"parent_requirement": 94, "number_required": 0}}, {"pk": 7, "model": "wocus.subrequirementset", "fields": {"parent_requirement": 95, "number_required": 0}}, {"pk": 8, "model": "wocus.subrequirementset", "fields": {"parent_requirement": 96, "number_required": 0}}, {"pk": 9, "model": "wocus.subrequirementset", "fields": {"parent_requirement": 97, "number_required": 0}}, {"pk": 10, "model": "wocus.subrequirementset", "fields": {"parent_requirement": 98, "number_required": 0}}, {"pk": 11, "model": "wocus.subrequirementset", "fields": {"parent_requirement": 99, "number_required": 0}}, {"pk": 12, "model": "wocus.subrequirementset", "fields": {"parent_requirement": 90, "number_required": 0}}, {"pk": 13, "model": "wocus.subrequirementset", "fields": {"parent_requirement": 100, "number_required": 0}}, {"pk": 14, "model": "wocus.subrequirementset", "fields": {"parent_requirement": 101, "number_required": 0}}, {"pk": 15, "model": "wocus.subrequirementset", "fields": {"parent_requirement": 106, "number_required": 0}}, {"pk": 16, "model": "wocus.subrequirementset", "fields": {"parent_requirement": 112, "number_required": 0}}, {"pk": 17, "model": "wocus.subrequirementset", "fields": {"parent_requirement": 118, "number_required": 0}}, {"pk": 18, "model": "wocus.subrequirementset", "fields": {"parent_requirement": 125, "number_required": 0}}, {"pk": 19, "model": "wocus.subrequirementset", "fields": {"parent_requirement": 135, "number_required": 0}}, {"pk": 20, "model": "wocus.subrequirementset", "fields": {"parent_requirement": 139, "number_required": 0}}, {"pk": 21, "model": "wocus.subrequirementset", "fields": {"parent_requirement": 143, "number_required": 0}}, {"pk": 22, "model": "wocus.subrequirementset", "fields": {"parent_requirement": 148, "number_required": 0}}, {"pk": 23, "model": "wocus.subrequirementset", "fields": {"parent_requirement": 151, "number_required": 0}}, {"pk": 24, "model": "wocus.subrequirementset", "fields": {"parent_requirement": 158, "number_required": 0}}, {"pk": 25, "model": "wocus.subrequirementset", "fields": {"parent_requirement": 165, "number_required": 0}}, {"pk": 26, "model": "wocus.subrequirementset", "fields": {"parent_requirement": 172, "number_required": 0}}, {"pk": 27, "model": "wocus.subrequirementset", "fields": {"parent_requirement": 180, "number_required": 0}}, {"pk": 28, "model": "wocus.subrequirementset", "fields": {"parent_requirement": 185, "number_required": 0}}, {"pk": 29, "model": "wocus.subrequirementset", "fields": {"parent_requirement": 191, "number_required": 0}}, {"pk": 30, "model": "wocus.subrequirementset", "fields": {"parent_requirement": 195, "number_required": 0}}, {"pk": 31, "model": "wocus.subrequirementset", "fields": {"parent_requirement": 203, "number_required": 0}}, {"pk": 32, "model": "wocus.subrequirementset", "fields": {"parent_requirement": 211, "number_required": 0}}, {"pk": 33, "model": "wocus.subrequirementset", "fields": {"parent_requirement": 218, "number_required": 0}}, {"pk": 34, "model": "wocus.subrequirementset", "fields": {"parent_requirement": 234, "number_required": 0}}, {"pk": 35, "model": "wocus.subrequirementset", "fields": {"parent_requirement": 238, "number_required": 0}}, {"pk": 36, "model": "wocus.subrequirementset", "fields": {"parent_requirement": 244, "number_required": 0}}, {"pk": 1, "model": "wocus.requirement", "fields": {"parent_set": null, "award": 1, "name": "Bobcat Requirement 1", "contents": "Learn and say the CUB SCOUT PROMISE and complete the Honesty Character Connection", "additional_info": "1.  Know: Discuss these questions with your family. What is a promise? What does it mean to 'keep your word?' What does honesty mean? What does it mean to 'do your best?'2. Commit: Discuss these questions with your family. Why is a promise important? Why is it important for people to trust you when you give your word? When might it be difficult to keep your word? List examples. 3. Practice: Discuss with family members why it is important to be trustworthy and honest and how can you do your best to be honest when you are doing the activities in Cub Scouting.\"I .....(name).... promise to do my best, To do my duty to God and my country, To help other people, and To obey the Law of the Pack."}}, {"pk": 2, "model": "wocus.requirement", "fields": {"parent_set": null, "award": 1, "name": "Bobcat Requirement 2", "contents": "Say the LAW OF THE PACK.  Tell what it means.", "additional_info": "The Cub Scout follows Akela. The Cub Scout helps the pack go. The pack helps the Cub Scout Grow. The Cub Scout gives goodwill."}}, {"pk": 3, "model": "wocus.requirement", "fields": {"parent_set": null, "award": 1, "name": "Bobcat Requirement 3", "contents": "Tell what WEBELOS means", "additional_info": "WE'll BE LOyal Scouts"}}, {"pk": 4, "model": "wocus.requirement", "fields": {"parent_set": null, "award": 1, "name": "Bobcat Requirement 4", "contents": "Show the CUB SCOUT SIGN.  Tell what it means.", "additional_info": ""}}, {"pk": 5, "model": "wocus.requirement", "fields": {"parent_set": null, "award": 1, "name": "Bobcat Requirement 5", "contents": "Show the CUB SCOUT HANDSHAKE. Tell what it means.", "additional_info": ""}}, {"pk": 6, "model": "wocus.requirement", "fields": {"parent_set": null, "award": 1, "name": "Bobcat Requirement 6", "contents": "Say the CUB SCOUT MOTTO. A motto is a guiding principle.", "additional_info": "Do Your Best"}}, {"pk": 7, "model": "wocus.requirement", "fields": {"parent_set": null, "award": 1, "name": "Bobcat Requirement 7", "contents": "Give the CUB SCOUT SALUTE.  Tell what it means.", "additional_info": ""}}, {"pk": 8, "model": "wocus.requirement", "fields": {"parent_set": null, "award": 1, "name": "Bobcat Requirement 8", "contents": "With your parent or guardian, complete the exercises in the booklet, How to Protect Your Children from Child Abuse.", "additional_info": ""}}, {"pk": 9, "model": "wocus.requirement", "fields": {"parent_set": 1, "award": 2, "name": "Wolf Requirement 1a", "contents": "Play catch with someone 10 steps away. Play until you can throw and catch.", "additional_info": ""}}, {"pk": 10, "model": "wocus.requirement", "fields": {"parent_set": 1, "award": 2, "name": "Wolf Requirement 1b", "contents": "Walk a line back and forth. Do it sideways too. Then walk the edge of a board six steps each way.", "additional_info": ""}}, {"pk": 11, "model": "wocus.requirement", "fields": {"parent_set": 1, "award": 2, "name": "Wolf Requirement 1c", "contents": "Do a front roll.", "additional_info": ""}}, {"pk": 12, "model": "wocus.requirement", "fields": {"parent_set": 1, "award": 2, "name": "Wolf Requirement 1d", "contents": "Do a back roll. ", "additional_info": ""}}, {"pk": 13, "model": "wocus.requirement", "fields": {"parent_set": 1, "award": 2, "name": "Wolf Requirement 1e", "contents": "Do a falling forward roll. ", "additional_info": ""}}, {"pk": 14, "model": "wocus.requirement", "fields": {"parent_set": 2, "award": 2, "name": "Wolf Requirement 1f", "contents": "See how high you can jump. ", "additional_info": ""}}, {"pk": 15, "model": "wocus.requirement", "fields": {"parent_set": 2, "award": 2, "name": "Wolf Requirement 1g", "contents": "Do the elephant walk, frog leap, and crab walk. ", "additional_info": ""}}, {"pk": 16, "model": "wocus.requirement", "fields": {"parent_set": 2, "award": 2, "name": "Wolf Requirement 1h", "contents": "Using a basic swim stroke, swim 25 feet. ", "additional_info": ""}}, {"pk": 17, "model": "wocus.requirement", "fields": {"parent_set": 2, "award": 2, "name": "Wolf Requirement 1i", "contents": "Tread water for 15 seconds or as long as you can. Do your best. ", "additional_info": ""}}, {"pk": 18, "model": "wocus.requirement", "fields": {"parent_set": 2, "award": 2, "name": "Wolf Requirement 1j", "contents": "Using a basketball or playground ball, do a -", "additional_info": ""}}, {"pk": 19, "model": "wocus.requirement", "fields": {"parent_set": 1, "award": 2, "name": "Wolf Requirement 1k", "contents": "Do a frog stand. ", "additional_info": ""}}, {"pk": 20, "model": "wocus.requirement", "fields": {"parent_set": 1, "award": 2, "name": "Wolf Requirement 1l", "contents": "Run or jog in place for 5 minutes.", "additional_info": ""}}, {"pk": 21, "model": "wocus.requirement", "fields": {"parent_set": 12, "award": 2, "name": "Wolf Requirement 2a", "contents": "Give the Pledge of Allegiance to the flag of the United States of America. Tell what it means. ", "additional_info": ""}}, {"pk": 22, "model": "wocus.requirement", "fields": {"parent_set": 12, "award": 2, "name": "Wolf Requirement 2b", "contents": "Lead a flag ceremony in your den. ", "additional_info": ""}}, {"pk": 23, "model": "wocus.requirement", "fields": {"parent_set": 12, "award": 2, "name": "Wolf Requirement 2c", "contents": "Tell how to respect and take care of the U.S. flag. Show three ways to display the flag. ", "additional_info": ""}}, {"pk": 24, "model": "wocus.requirement", "fields": {"parent_set": 12, "award": 2, "name": "Wolf Requirement 2d", "contents": "Learn about the flag of your state or territory and how to display it. ", "additional_info": ""}}, {"pk": 25, "model": "wocus.requirement", "fields": {"parent_set": 12, "award": 2, "name": "Wolf Requirement 2e", "contents": "Learn how to raise a U.S. flag properly for an outdoor ceremony ", "additional_info": ""}}, {"pk": 26, "model": "wocus.requirement", "fields": {"parent_set": 12, "award": 2, "name": "Wolf Requirement 2f", "contents": "Participate in an outdoor flag ceremony. ", "additional_info": ""}}, {"pk": 27, "model": "wocus.requirement", "fields": {"parent_set": 12, "award": 2, "name": "Wolf Requirement 2g", "contents": "With the help of another person, fold the U.S. flag. ", "additional_info": ""}}, {"pk": 28, "model": "wocus.requirement", "fields": {"parent_set": 3, "award": 2, "name": "Wolf Requirement 3a", "contents": "Make a chart and keep track of your health habits for two weeks. ", "additional_info": ""}}, {"pk": 29, "model": "wocus.requirement", "fields": {"parent_set": 3, "award": 2, "name": "Wolf Requirement 3b", "contents": "Tell four ways to stop the spread of colds. ", "additional_info": ""}}, {"pk": 30, "model": "wocus.requirement", "fields": {"parent_set": 3, "award": 2, "name": "Wolf Requirement 3c", "contents": "Show what to do for a small cut on your finger. ", "additional_info": ""}}, {"pk": 31, "model": "wocus.requirement", "fields": {"parent_set": 3, "award": 2, "name": "Wolf Requirement 3a", "contents": "Make a list of phone numbers you need in case of an emergency. Put a copy of this list by each phone or in a central place in your home. Update it often. ", "additional_info": ""}}, {"pk": 32, "model": "wocus.requirement", "fields": {"parent_set": 3, "award": 2, "name": "Wolf Requirement 3b", "contents": "Tell what to do if someone comes to the door and wants to come in. ", "additional_info": ""}}, {"pk": 33, "model": "wocus.requirement", "fields": {"parent_set": 3, "award": 2, "name": "Wolf Requirement 3c", "contents": "Tell what to do if someone calls on the phone. ", "additional_info": ""}}, {"pk": 34, "model": "wocus.requirement", "fields": {"parent_set": 3, "award": 2, "name": "Wolf Requirement 3d", "contents": "When you and your family leave home, ", "additional_info": ""}}, {"pk": 35, "model": "wocus.requirement", "fields": {"parent_set": 3, "award": 2, "name": "Wolf Requirement 3e", "contents": "Talk with your family members. Agree on the household jobs you will be responsible for. Make a list of your jobs and mark off when you have finished them. Do this for one month. Citizenship Belt Loop #1 ", "additional_info": ""}}, {"pk": 36, "model": "wocus.requirement", "fields": {"parent_set": 3, "award": 2, "name": "Wolf Requirement 3f", "contents": "Visit an important place in your community, such as a historic or government location. Explain why it is important.", "additional_info": ""}}, {"pk": 37, "model": "wocus.requirement", "fields": {"parent_set": 4, "award": 2, "name": "Wolf Requirement 4a", "contents": "Make a list of phone numbers you need in case of an emergency. Put a copy of this list by each phone or in a central place in your home. Update it often. ", "additional_info": ""}}, {"pk": 38, "model": "wocus.requirement", "fields": {"parent_set": 4, "award": 2, "name": "Wolf Requirement 4b", "contents": "Tell what to do if someone comes to the door and wants to come in. ", "additional_info": ""}}, {"pk": 39, "model": "wocus.requirement", "fields": {"parent_set": 4, "award": 2, "name": "Wolf Requirement 4c", "contents": "Tell what to do if someone calls on the phone. ", "additional_info": ""}}, {"pk": 40, "model": "wocus.requirement", "fields": {"parent_set": 4, "award": 2, "name": "Wolf Requirement 4d", "contents": "When you and your family leave home, ", "additional_info": ""}}, {"pk": 41, "model": "wocus.requirement", "fields": {"parent_set": 4, "award": 2, "name": "Wolf Requirement 4e", "contents": "Talk with your family members. Agree on the household jobs you will be responsible for. Make a list of your jobs and mark off when you have finished them. Do this for one month.", "additional_info": ""}}, {"pk": 42, "model": "wocus.requirement", "fields": {"parent_set": 4, "award": 2, "name": "Wolf Requirement 4f", "contents": "Visit an important place in your community, such as a historic or government location. Explain why it is important. ", "additional_info": ""}}, {"pk": 43, "model": "wocus.requirement", "fields": {"parent_set": 5, "award": 2, "name": "Wolf Requirement 5a", "contents": "Point out and name seven tools. Do this at home, or go to a hardware store with an adult. Tell what each tool does. ", "additional_info": ""}}, {"pk": 44, "model": "wocus.requirement", "fields": {"parent_set": 5, "award": 2, "name": "Wolf Requirement 5b", "contents": "Show how to use pliers. ", "additional_info": ""}}, {"pk": 45, "model": "wocus.requirement", "fields": {"parent_set": 5, "award": 2, "name": "Wolf Requirement 5c", "contents": "Identify a Philips head and a standard screw. Then use the right tool to drive and then remove one from a board. ", "additional_info": ""}}, {"pk": 46, "model": "wocus.requirement", "fields": {"parent_set": 5, "award": 2, "name": "Wolf Requirement 5d", "contents": "Show how to use a hammer. ", "additional_info": ""}}, {"pk": 47, "model": "wocus.requirement", "fields": {"parent_set": 5, "award": 2, "name": "Wolf Requirement 5e", "contents": "Make a birdhouse, a set of bookends, or something else useful. ", "additional_info": ""}}, {"pk": 48, "model": "wocus.requirement", "fields": {"parent_set": 6, "award": 2, "name": "Wolf Requirement 6a", "contents": "Complete the Character Connection for Positive Attitude.", "additional_info": "Know. Discuss with your family how a cheerful and positive attitude will help you do your best at school and in other areas of your life. Commit. Discuss with your family how gathering items for a collection may be difficult. How does a hopeful and cheerful attitude help you to keep looking for more items. Why is a positive attitude important?Practice. Practice having a positive attitude while doing the requirements for \"Start a Collection.\" "}}, {"pk": 49, "model": "wocus.requirement", "fields": {"parent_set": 6, "award": 2, "name": "Wolf Requirement 6b", "contents": "Make a collection of anything you like. Start with 10 things. Put them together in a neat way. ", "additional_info": ""}}, {"pk": 50, "model": "wocus.requirement", "fields": {"parent_set": 6, "award": 2, "name": "Wolf Requirement 6c", "contents": "Show and explain your collection to another person.", "additional_info": ""}}, {"pk": 51, "model": "wocus.requirement", "fields": {"parent_set": 7, "award": 2, "name": "Wolf Requirement 7a", "contents": "Complete the Character Connection for Respect.", "additional_info": "Know. Discuss these questions with your family: What things have people done to show a lack of respect to our world? Why is it important to respect our environment and ntural resources? How can you show respect for your environment? Commit. Discuss with your family how you feel when you see places in your neighborhood that have lots of litter. Name one thing you can do to help the environment. Practice. Practice being respectful while doing the requirements for \"Your Living World.\" "}}, {"pk": 52, "model": "wocus.requirement", "fields": {"parent_set": 7, "award": 2, "name": "Wolf Requirement 7b", "contents": "Land, air and water can get dirty. Discuss with your family ways this can happen. ", "additional_info": ""}}, {"pk": 53, "model": "wocus.requirement", "fields": {"parent_set": 7, "award": 2, "name": "Wolf Requirement 7c", "contents": "It takes a lot of energy to make glass, cans, and paper products. You can help save energy by collecting these items for use again. Find out how recycling is done where you live. Find out what items you can recycle. ", "additional_info": ""}}, {"pk": 54, "model": "wocus.requirement", "fields": {"parent_set": 7, "award": 2, "name": "Wolf Requirement 7d", "contents": "With an adult, pick up litter in your neighborhood. Wear gloves to protect your hands against germs and cuts from sharp objects. ", "additional_info": ""}}, {"pk": 55, "model": "wocus.requirement", "fields": {"parent_set": 7, "award": 2, "name": "Wolf Requirement 7e", "contents": "With an adult, find three stories that tell how people are protecting our world. Read and discuss them together. ", "additional_info": ""}}, {"pk": 56, "model": "wocus.requirement", "fields": {"parent_set": 7, "award": 2, "name": "Wolf Requirement 7f", "contents": "Besides recycling, there are other ways to save energy. List three ways you can save energy, and do them.", "additional_info": ""}}, {"pk": 57, "model": "wocus.requirement", "fields": {"parent_set": 8, "award": 2, "name": "Wolf Requirement 8a", "contents": "Study the Food Guide Pyramid. Name some foods from each of the food groups shown in the pyramid. ", "additional_info": ""}}, {"pk": 58, "model": "wocus.requirement", "fields": {"parent_set": 8, "award": 2, "name": "Wolf Requirement 8b", "contents": "Plan the meals you and your family should have for one day. List things your family should have from the food groups shown in the Food Group Pyramid. At each meal, you should have foods from at least three food groups. ", "additional_info": ""}}, {"pk": 59, "model": "wocus.requirement", "fields": {"parent_set": 8, "award": 2, "name": "Wolf Requirement 8c", "contents": "Help fix at least one meal for your family. Help set the table, cook the food, and wash the dishes. ", "additional_info": ""}}, {"pk": 60, "model": "wocus.requirement", "fields": {"parent_set": 8, "award": 2, "name": "Wolf Requirement 8d", "contents": "Fix your own breakfast. Wash and put away the dishes. ", "additional_info": ""}}, {"pk": 61, "model": "wocus.requirement", "fields": {"parent_set": 8, "award": 2, "name": "Wolf Requirement 8e", "contents": "With an adult, help to plan, prepare, and cook an outdoor meal.", "additional_info": ""}}, {"pk": 62, "model": "wocus.requirement", "fields": {"parent_set": 9, "award": 2, "name": "Wolf Requirement 9a", "contents": "Complete the Character Connection for Responsibility.", "additional_info": " Know. Discuss these questions with your family: How does being responsible help us be safe? Within the past week, how did you show responsibility? Commit. Discuss these questions with your family: What happens when people are not responsible? What things can make you forget to be responsible? What things will help you be more responsible? Practice. Practice being responsible while doing the requirements for \"Be Safe at Home and on the Street.\" "}}, {"pk": 63, "model": "wocus.requirement", "fields": {"parent_set": 9, "award": 2, "name": "Wolf Requirement 9b", "contents": "WITH AN ADULT, check your home for hazards and know how to make your home safe. Citizenship Pin #4 ", "additional_info": ""}}, {"pk": 64, "model": "wocus.requirement", "fields": {"parent_set": 9, "award": 2, "name": "Wolf Requirement 9c", "contents": "WITH AN ADULT, check your home for danger from fire.", "additional_info": ""}}, {"pk": 65, "model": "wocus.requirement", "fields": {"parent_set": 9, "award": 2, "name": "Wolf Requirement 9d", "contents": "Practice good rules of street and road safety. ", "additional_info": ""}}, {"pk": 66, "model": "wocus.requirement", "fields": {"parent_set": 9, "award": 2, "name": "Wolf Requirement 9e", "contents": "Know the rules of bike safety. ", "additional_info": ""}}, {"pk": 67, "model": "wocus.requirement", "fields": {"parent_set": 10, "award": 2, "name": "Wolf Requirement 10a", "contents": "Complete the Character Connection for Cooperation.", "additional_info": " Know. Discuss these questions with your family: What is \"cooperation\"? Why do people need to cooperate when they are doing things together? Name some ways that you can be helpful and cooperate with others. Commit. Discuss with your family what makes it hard to cooperate. How do listening, sharing, and persuading help us cooperate? Practice. Practice being cooperative while doing the requirements for \"Family Fun.\" "}}, {"pk": 68, "model": "wocus.requirement", "fields": {"parent_set": 10, "award": 2, "name": "Wolf Requirement 10b", "contents": "Make a game like one of these. Play it with your family. ", "additional_info": ""}}, {"pk": 69, "model": "wocus.requirement", "fields": {"parent_set": 10, "award": 2, "name": "Wolf Requirement 10c", "contents": "Plan a walk. Go to a park or a wooded area, or visit a zoo or museum with your family. ", "additional_info": ""}}, {"pk": 70, "model": "wocus.requirement", "fields": {"parent_set": 10, "award": 2, "name": "Wolf Requirement 10d", "contents": "Read a book or Boys' Life magazine with your family. Take turns reading aloud. Communicating Pin #5 ", "additional_info": ""}}, {"pk": 71, "model": "wocus.requirement", "fields": {"parent_set": 10, "award": 2, "name": "Wolf Requirement 10e", "contents": "Decide with Akela. what you will watch on television or listen to on the radio. ", "additional_info": ""}}, {"pk": 72, "model": "wocus.requirement", "fields": {"parent_set": 10, "award": 2, "name": "Wolf Requirement 10f", "contents": "Attend a concert, a play, or other live program with your family.", "additional_info": ""}}, {"pk": 73, "model": "wocus.requirement", "fields": {"parent_set": 10, "award": 2, "name": "Wolf Requirement 10g", "contents": "Have a family Board Game night at home with members of your family.", "additional_info": ""}}, {"pk": 74, "model": "wocus.requirement", "fields": {"parent_set": 11, "award": 2, "name": "Wolf Requirement 11a", "contents": "Complete the Character Connection for Faith.", "additional_info": "Know. What is \"faith\"? With your family, discuss some people who have shown their faith - who have shown an inner strength based on their trust in a higher power or cause. Discuss the good qualities of these people. Commit. Discuss these questions with your family: What problems did these faithful people overcome to follow or practice their beliefs? What challenges might you face in doing your duty to God? Who can help you with these challenges? Practice. Practice your faith while doing the requirements for \"Duty to God.\" "}}, {"pk": 75, "model": "wocus.requirement", "fields": {"parent_set": 11, "award": 2, "name": "Wolf Requirement 11b", "contents": "Talk with your family about what they believe is their duty to God. ", "additional_info": ""}}, {"pk": 76, "model": "wocus.requirement", "fields": {"parent_set": 11, "award": 2, "name": "Wolf Requirement 11c", "contents": "Give two ideas on how you can practice or demonstrate your religious beliefs. Choose one and do it. ", "additional_info": ""}}, {"pk": 77, "model": "wocus.requirement", "fields": {"parent_set": 11, "award": 2, "name": "Wolf Requirement 11d", "contents": "Find out how you can help your church, synagogue, mosque, temple, or religious fellowship. ", "additional_info": ""}}, {"pk": 78, "model": "wocus.requirement", "fields": {"parent_set": 13, "award": 2, "name": "Wolf Requirement 12a", "contents": "Complete the Character Connection for Courage.Know. Discuss with your family what \"courage\" is. Review the requirements and discuss how you might need courage in each one to do what is right. Commit. Give some examples of when it is hard to do the right thing. Discuss with your family times that it might take courage to be honest and kind. Tell about a time in your life when you needed to be brave and courageous to do the right thing. Practice. Practice learning about courage while doing the requirements for \"Making Choices.\" With family members, act out the choices you would make for some of the requirements. ", "additional_info": ""}}, {"pk": 79, "model": "wocus.requirement", "fields": {"parent_set": 13, "award": 2, "name": "Wolf Requirement 12b", "contents": "There is an older boy who hangs around Jason's school. He tries to give drugs to the children. What would you do if you were Jason? ", "additional_info": ""}}, {"pk": 80, "model": "wocus.requirement", "fields": {"parent_set": 13, "award": 2, "name": "Wolf Requirement 12c", "contents": "Lee is home alone. The phone rings. When Lee answers, a stranger asks if Lee's mother is home. She is not. Lee is alone. What would you do if you were Lee? ", "additional_info": ""}}, {"pk": 81, "model": "wocus.requirement", "fields": {"parent_set": 13, "award": 2, "name": "Wolf Requirement 12d", "contents": "Justin is new to your school. He has braces on his legs and walks with a limp. Some of the kids at school tease him. They want you to tease him, too. What would you do? ", "additional_info": ""}}, {"pk": 82, "model": "wocus.requirement", "fields": {"parent_set": 13, "award": 2, "name": "Wolf Requirement 12e", "contents": "Juan is on a walk with his little sister. A car stops and a man asks them to come over to the car. What would you do if you were Juan? ", "additional_info": ""}}, {"pk": 83, "model": "wocus.requirement", "fields": {"parent_set": 13, "award": 2, "name": "Wolf Requirement 12f", "contents": "Matthew's grandmother gives him money to buy an ice-cream cone. On the way to the store, a bigger boy asks for money and threatens to hit Matthew if he does not give him some money. If you were Matthew what would you do? ", "additional_info": ""}}, {"pk": 84, "model": "wocus.requirement", "fields": {"parent_set": 13, "award": 2, "name": "Wolf Requirement 12g", "contents": "Chris and his little brother are home alone in the afternoon. A woman knocks on the door and says she wants to read the meter. She is not wearing a uniform. What would you do if you were Chris? ", "additional_info": ""}}, {"pk": 85, "model": "wocus.requirement", "fields": {"parent_set": 13, "award": 2, "name": "Wolf Requirement 12h", "contents": "Sam is home alone. He looks out the window and sees a man trying to break into a neighbor's back door. What would you do if you were Sam? ", "additional_info": ""}}, {"pk": 86, "model": "wocus.requirement", "fields": {"parent_set": 13, "award": 2, "name": "Wolf Requirement 12i", "contents": "Mr. Palmer is blind. He has a guide dog. One day as he is crossing the street, some kids whistle and call to the dog. They want you and your friends to call the dog, too. What would you do? ", "additional_info": ""}}, {"pk": 87, "model": "wocus.requirement", "fields": {"parent_set": 13, "award": 2, "name": "Wolf Requirement 12j", "contents": "Some kids who go to Bob's school want him to steal candy and gum from a store, which they can share later. Bob knows this is wrong, but he wants to be popular with these kids. What would you do if you were Bob? ", "additional_info": ""}}, {"pk": 88, "model": "wocus.requirement", "fields": {"parent_set": 13, "award": 2, "name": "Wolf Requirement 12k", "contents": "Paul and his little sister are playing outdoors. A very friendly, elderly woman stops and watches the children for a while. Paul doesn't know the woman. She starts to talk to them and offers to take Paul's little sister on a walk around the block. What would you do? ", "additional_info": ""}}, {"pk": 89, "model": "wocus.requirement", "fields": {"parent_set": null, "award": 2, "name": "Wolf Requirement 1", "contents": "Feats of Skill", "additional_info": ""}}, {"pk": 90, "model": "wocus.requirement", "fields": {"parent_set": null, "award": 2, "name": "Wolf Requirement 2", "contents": "Your Flag", "additional_info": ""}}, {"pk": 91, "model": "wocus.requirement", "fields": {"parent_set": null, "award": 2, "name": "Wolf Requirement 3", "contents": "Keep Your Body Healthy", "additional_info": ""}}, {"pk": 92, "model": "wocus.requirement", "fields": {"parent_set": null, "award": 2, "name": "Wolf Requirement 4", "contents": "Know Your Home and Community", "additional_info": ""}}, {"pk": 93, "model": "wocus.requirement", "fields": {"parent_set": null, "award": 2, "name": "Wolf Requirement 5", "contents": "Tools for Fixing and Building", "additional_info": ""}}, {"pk": 94, "model": "wocus.requirement", "fields": {"parent_set": null, "award": 2, "name": "Wolf Requirement 6", "contents": "Start a Collection", "additional_info": ""}}, {"pk": 95, "model": "wocus.requirement", "fields": {"parent_set": null, "award": 2, "name": "Wolf Requirement 7", "contents": "Your Living World", "additional_info": ""}}, {"pk": 96, "model": "wocus.requirement", "fields": {"parent_set": null, "award": 2, "name": "Wolf Requirement 8", "contents": "Cooking and Eating", "additional_info": ""}}, {"pk": 97, "model": "wocus.requirement", "fields": {"parent_set": null, "award": 2, "name": "Wolf Requirement 9", "contents": "Be Safe at Home and on the Street", "additional_info": ""}}, {"pk": 98, "model": "wocus.requirement", "fields": {"parent_set": null, "award": 2, "name": "Wolf Requirement 10", "contents": "Family Fun", "additional_info": ""}}, {"pk": 99, "model": "wocus.requirement", "fields": {"parent_set": null, "award": 2, "name": "Wolf Requirement 11", "contents": "Duty to God", "additional_info": ""}}, {"pk": 100, "model": "wocus.requirement", "fields": {"parent_set": null, "award": 2, "name": "Wolf Requirement 12", "contents": "Making Choices", "additional_info": ""}}, {"pk": 101, "model": "wocus.requirement", "fields": {"parent_set": null, "award": 3, "name": "Wolf Elective 1", "contents": " It's a Secret", "additional_info": ""}}, {"pk": 102, "model": "wocus.requirement", "fields": {"parent_set": 14, "award": 3, "name": "Wolf Elective 1d", "contents": "Use 12 American Indian signs to tell a story.", "additional_info": ""}}, {"pk": 103, "model": "wocus.requirement", "fields": {"parent_set": 14, "award": 3, "name": "Wolf Elective 1b", "contents": "Write to a friend in invisible \"ink\".", "additional_info": ""}}, {"pk": 104, "model": "wocus.requirement", "fields": {"parent_set": 14, "award": 3, "name": "Wolf Elective 1c", "contents": "\"Write\" your name using American Sign Language. People who are deaf use this language.", "additional_info": ""}}, {"pk": 105, "model": "wocus.requirement", "fields": {"parent_set": 14, "award": 3, "name": "Wolf Elective 1a", "contents": "Use a secret code.", "additional_info": ""}}, {"pk": 106, "model": "wocus.requirement", "fields": {"parent_set": null, "award": 3, "name": "Wolf Elective 2", "contents": " Be an Actor", "additional_info": ""}}, {"pk": 107, "model": "wocus.requirement", "fields": {"parent_set": 15, "award": 3, "name": "Wolf Elective 2e", "contents": "Make a paper-sack mask for a skit.", "additional_info": ""}}, {"pk": 108, "model": "wocus.requirement", "fields": {"parent_set": 15, "award": 3, "name": "Wolf Elective 2c", "contents": "Make sound effects for a skit.", "additional_info": ""}}, {"pk": 109, "model": "wocus.requirement", "fields": {"parent_set": 15, "award": 3, "name": "Wolf Elective 2d", "contents": "Be the announcer for a skit.", "additional_info": ""}}, {"pk": 110, "model": "wocus.requirement", "fields": {"parent_set": 15, "award": 3, "name": "Wolf Elective 2b", "contents": "Make some scenery for a skit.", "additional_info": ""}}, {"pk": 111, "model": "wocus.requirement", "fields": {"parent_set": 15, "award": 3, "name": "Wolf Elective 2a", "contents": "Help to plan and put on a skit with costumes.", "additional_info": ""}}, {"pk": 112, "model": "wocus.requirement", "fields": {"parent_set": null, "award": 3, "name": "Wolf Elective 3", "contents": " Make It Yourself", "additional_info": ""}}, {"pk": 113, "model": "wocus.requirement", "fields": {"parent_set": 16, "award": 3, "name": "Wolf Elective 3e", "contents": "Or make something else.", "additional_info": ""}}, {"pk": 114, "model": "wocus.requirement", "fields": {"parent_set": 16, "award": 3, "name": "Wolf Elective 3d", "contents": "Make a door stop.", "additional_info": ""}}, {"pk": 115, "model": "wocus.requirement", "fields": {"parent_set": 16, "award": 3, "name": "Wolf Elective 3c", "contents": "Make and use a bench fork.", "additional_info": ""}}, {"pk": 116, "model": "wocus.requirement", "fields": {"parent_set": 16, "award": 3, "name": "Wolf Elective 3b", "contents": "Use the ruler on this page to see how far you can stretch your hand.", "additional_info": ""}}, {"pk": 117, "model": "wocus.requirement", "fields": {"parent_set": 16, "award": 3, "name": "Wolf Elective 3a", "contents": "Make something useful for your home or school. Start with a recipe card holder.", "additional_info": ""}}, {"pk": 118, "model": "wocus.requirement", "fields": {"parent_set": null, "award": 3, "name": "Wolf Elective 4", "contents": " Play a Game", "additional_info": ""}}, {"pk": 119, "model": "wocus.requirement", "fields": {"parent_set": 17, "award": 3, "name": "Wolf Elective 4f", "contents": "Play a wide-area or large group game with your den or pack.", "additional_info": ""}}, {"pk": 120, "model": "wocus.requirement", "fields": {"parent_set": 17, "award": 3, "name": "Wolf Elective 4e", "contents": "Play a game of marbles.", "additional_info": ""}}, {"pk": 121, "model": "wocus.requirement", "fields": {"parent_set": 17, "award": 3, "name": "Wolf Elective 4c", "contents": "Play Ring Toss.", "additional_info": ""}}, {"pk": 122, "model": "wocus.requirement", "fields": {"parent_set": 17, "award": 3, "name": "Wolf Elective 4d", "contents": "Play Beanbag Toss.", "additional_info": ""}}, {"pk": 123, "model": "wocus.requirement", "fields": {"parent_set": 17, "award": 3, "name": "Wolf Elective 4b", "contents": "Play Marble Sharpshooter.", "additional_info": ""}}, {"pk": 124, "model": "wocus.requirement", "fields": {"parent_set": 17, "award": 3, "name": "Wolf Elective 4a", "contents": "Play Pie-tin Washer Toss.", "additional_info": ""}}, {"pk": 125, "model": "wocus.requirement", "fields": {"parent_set": null, "award": 3, "name": "Wolf Elective 5", "contents": " Spare-Time Fun", "additional_info": ""}}, {"pk": 126, "model": "wocus.requirement", "fields": {"parent_set": 18, "award": 3, "name": "Wolf Elective 5h", "contents": "Make or put together some kind of model boat, airplane, train, or car.", "additional_info": ""}}, {"pk": 127, "model": "wocus.requirement", "fields": {"parent_set": 18, "award": 3, "name": "Wolf Elective 5i", "contents": "Make or put together some kind of model boat, airplane, train, or car.", "additional_info": ""}}, {"pk": 128, "model": "wocus.requirement", "fields": {"parent_set": 18, "award": 3, "name": "Wolf Elective 5g", "contents": "Make or put together some kind of model boat, airplane, train, or car.", "additional_info": ""}}, {"pk": 129, "model": "wocus.requirement", "fields": {"parent_set": 18, "award": 3, "name": "Wolf Elective 5f", "contents": "Make a model boat with a rubber-band propeller.", "additional_info": ""}}, {"pk": 130, "model": "wocus.requirement", "fields": {"parent_set": 18, "award": 3, "name": "Wolf Elective 5e", "contents": "Make and use a reel for kite string.", "additional_info": ""}}, {"pk": 131, "model": "wocus.requirement", "fields": {"parent_set": 18, "award": 3, "name": "Wolf Elective 5d", "contents": "Make and fly a three-stick kite.", "additional_info": ""}}, {"pk": 132, "model": "wocus.requirement", "fields": {"parent_set": 18, "award": 3, "name": "Wolf Elective 5b", "contents": "Make and fly a paper bag kite.", "additional_info": ""}}, {"pk": 133, "model": "wocus.requirement", "fields": {"parent_set": 18, "award": 3, "name": "Wolf Elective 5c", "contents": "Make and fly a two-stick kite.", "additional_info": ""}}, {"pk": 134, "model": "wocus.requirement", "fields": {"parent_set": 18, "award": 3, "name": "Wolf Elective 5a", "contents": "Explain safety rules for kite flying.", "additional_info": ""}}, {"pk": 135, "model": "wocus.requirement", "fields": {"parent_set": null, "award": 3, "name": "Wolf Elective 6", "contents": " Books, Books, Books", "additional_info": ""}}, {"pk": 136, "model": "wocus.requirement", "fields": {"parent_set": 19, "award": 3, "name": "Wolf Elective 6c", "contents": "Books are important. Show that you know how to take care of them. Open a new book the right way. Make a paper or plastic cover for it or another book.", "additional_info": ""}}, {"pk": 137, "model": "wocus.requirement", "fields": {"parent_set": 19, "award": 3, "name": "Wolf Elective 6b", "contents": "Choose a book on a subject you like and read it. With an adult, discuss what you read and what you think about it.", "additional_info": ""}}, {"pk": 138, "model": "wocus.requirement", "fields": {"parent_set": 19, "award": 3, "name": "Wolf Elective 6a", "contents": "Visit a bookstore or go to a public library with an adult. Find out how to get your own library card. Name four kinds of books that interest you (for example, history, science fiction, how-to-books).", "additional_info": ""}}, {"pk": 139, "model": "wocus.requirement", "fields": {"parent_set": null, "award": 3, "name": "Wolf Elective 7", "contents": " Foot Power", "additional_info": ""}}, {"pk": 140, "model": "wocus.requirement", "fields": {"parent_set": 20, "award": 3, "name": "Wolf Elective 7c", "contents": "Make a pair of \"foot racers\" and use them with a friend.", "additional_info": ""}}, {"pk": 141, "model": "wocus.requirement", "fields": {"parent_set": 20, "award": 3, "name": "Wolf Elective 7b", "contents": "Make a pair of \"puddle jumpers\" and walk with them.", "additional_info": ""}}, {"pk": 142, "model": "wocus.requirement", "fields": {"parent_set": 20, "award": 3, "name": "Wolf Elective 7a", "contents": "Learn to walk on a pair of stilts.", "additional_info": ""}}, {"pk": 143, "model": "wocus.requirement", "fields": {"parent_set": null, "award": 3, "name": "Wolf Elective 8", "contents": " Machine Power", "additional_info": ""}}, {"pk": 144, "model": "wocus.requirement", "fields": {"parent_set": 21, "award": 3, "name": "Wolf Elective 8c", "contents": "Show how to use a pulley.", "additional_info": ""}}, {"pk": 145, "model": "wocus.requirement", "fields": {"parent_set": 21, "award": 3, "name": "Wolf Elective 8d", "contents": "Make and use a windlass.", "additional_info": ""}}, {"pk": 146, "model": "wocus.requirement", "fields": {"parent_set": 21, "award": 3, "name": "Wolf Elective 8b", "contents": "Help an adult do a job using a wheel and axle.", "additional_info": ""}}, {"pk": 147, "model": "wocus.requirement", "fields": {"parent_set": 21, "award": 3, "name": "Wolf Elective 8a", "contents": "Name 10 kinds of trucks, construction machinery, or farm machinery and tell what each is used for.", "additional_info": ""}}, {"pk": 148, "model": "wocus.requirement", "fields": {"parent_set": null, "award": 3, "name": "Wolf Elective 9", "contents": " Let's Have a Party", "additional_info": ""}}, {"pk": 149, "model": "wocus.requirement", "fields": {"parent_set": 22, "award": 3, "name": "Wolf Elective 9b", "contents": " c. Make a gift or toy like one of these and give it to someone.", "additional_info": ""}}, {"pk": 150, "model": "wocus.requirement", "fields": {"parent_set": 22, "award": 3, "name": "Wolf Elective 9a", "contents": "Help with a home or den party.", "additional_info": ""}}, {"pk": 151, "model": "wocus.requirement", "fields": {"parent_set": null, "award": 3, "name": "Wolf Elective 10", "contents": " American Indian Lore", "additional_info": ""}}, {"pk": 152, "model": "wocus.requirement", "fields": {"parent_set": 23, "award": 3, "name": "Wolf Elective 10a", "contents": "Read a book or tell a story about American Indians, past or present.", "additional_info": ""}}, {"pk": 153, "model": "wocus.requirement", "fields": {"parent_set": 23, "award": 3, "name": "Wolf Elective 10b", "contents": "Make a musical instrument American Indians used.", "additional_info": ""}}, {"pk": 154, "model": "wocus.requirement", "fields": {"parent_set": 23, "award": 3, "name": "Wolf Elective 10c", "contents": "Make traditional American Indian clothing.", "additional_info": ""}}, {"pk": 155, "model": "wocus.requirement", "fields": {"parent_set": 23, "award": 3, "name": "Wolf Elective 10d", "contents": "Make a traditional item or instrument that American Indians used to make their lives easier.", "additional_info": ""}}, {"pk": 156, "model": "wocus.requirement", "fields": {"parent_set": 23, "award": 3, "name": "Wolf Elective 10e", "contents": "Make a model of a traditional American Indian house.", "additional_info": ""}}, {"pk": 157, "model": "wocus.requirement", "fields": {"parent_set": 23, "award": 3, "name": "Wolf Elective 10f", "contents": "Learn 12 American Indian word pictures and write a story with them.", "additional_info": ""}}, {"pk": 158, "model": "wocus.requirement", "fields": {"parent_set": null, "award": 3, "name": "Wolf Elective 11", "contents": " Sing-Along", "additional_info": ""}}, {"pk": 159, "model": "wocus.requirement", "fields": {"parent_set": 24, "award": 3, "name": "Wolf Elective 11f", "contents": "Sing a song with your den at a pack meeting.", "additional_info": ""}}, {"pk": 160, "model": "wocus.requirement", "fields": {"parent_set": 24, "award": 3, "name": "Wolf Elective 11e", "contents": "Learn and sing a song that would be sung as a grace before meals. Write the words in the space below.", "additional_info": ""}}, {"pk": 161, "model": "wocus.requirement", "fields": {"parent_set": 24, "award": 3, "name": "Wolf Elective 11d", "contents": "Learn the words and sing the first verse of three other songs, hymns, or prayers. Write the verse of one of the songs you learned in the space below.", "additional_info": ""}}, {"pk": 162, "model": "wocus.requirement", "fields": {"parent_set": 24, "award": 3, "name": "Wolf Elective 11c", "contents": "Learn the words and sing three Cub Scouting songs.", "additional_info": ""}}, {"pk": 163, "model": "wocus.requirement", "fields": {"parent_set": 24, "award": 3, "name": "Wolf Elective 11a", "contents": "Learn and sing the first and last verses of \"America.\"", "additional_info": ""}}, {"pk": 164, "model": "wocus.requirement", "fields": {"parent_set": 24, "award": 3, "name": "Wolf Elective 11b", "contents": "Learn and sing the first verse of our national anthem.", "additional_info": ""}}, {"pk": 165, "model": "wocus.requirement", "fields": {"parent_set": null, "award": 3, "name": "Wolf Elective 12", "contents": " Be an Artist", "additional_info": ""}}, {"pk": 166, "model": "wocus.requirement", "fields": {"parent_set": 25, "award": 3, "name": "Wolf Elective 12f", "contents": "Make a poster for a Cub Scout project or a pack meeting", "additional_info": ""}}, {"pk": 167, "model": "wocus.requirement", "fields": {"parent_set": 25, "award": 3, "name": "Wolf Elective 12e", "contents": "Make a stencil pattern.", "additional_info": ""}}, {"pk": 168, "model": "wocus.requirement", "fields": {"parent_set": 25, "award": 3, "name": "Wolf Elective 12d", "contents": "Help draw, paint, or color some scenery for a skit, play, or puppet show.", "additional_info": ""}}, {"pk": 169, "model": "wocus.requirement", "fields": {"parent_set": 25, "award": 3, "name": "Wolf Elective 12c", "contents": "Mix yellow and blue paints, mix yellow and red, and mix red and blue. Tell what color you get from each mixture.", "additional_info": ""}}, {"pk": 170, "model": "wocus.requirement", "fields": {"parent_set": 25, "award": 3, "name": "Wolf Elective 12b", "contents": "Tell a story in three steps by drawing three cartoons.", "additional_info": ""}}, {"pk": 171, "model": "wocus.requirement", "fields": {"parent_set": 25, "award": 3, "name": "Wolf Elective 12a", "contents": "Make a freehand sketch of a person, place, or thing.", "additional_info": ""}}, {"pk": 172, "model": "wocus.requirement", "fields": {"parent_set": null, "award": 3, "name": "Wolf Elective 13", "contents": " Birds", "additional_info": ""}}, {"pk": 173, "model": "wocus.requirement", "fields": {"parent_set": 26, "award": 3, "name": "Wolf Elective 13f", "contents": "Put out a birdhouse and tell which birds use it.", "additional_info": ""}}, {"pk": 174, "model": "wocus.requirement", "fields": {"parent_set": 26, "award": 3, "name": "Wolf Elective 13e", "contents": "Feed wild birds and tell which birds you fed.", "additional_info": ""}}, {"pk": 175, "model": "wocus.requirement", "fields": {"parent_set": 26, "award": 3, "name": "Wolf Elective 13d", "contents": "Point out 10 different kinds of birds (five may be from pictures).", "additional_info": ""}}, {"pk": 176, "model": "wocus.requirement", "fields": {"parent_set": 26, "award": 3, "name": "Wolf Elective 13c", "contents": "Read a book about birds.", "additional_info": ""}}, {"pk": 177, "model": "wocus.requirement", "fields": {"parent_set": 26, "award": 3, "name": "Wolf Elective 13b", "contents": "Put out nesting material (short pieces of yarn and string) for birds and tell which birds might use it.", "additional_info": ""}}, {"pk": 178, "model": "wocus.requirement", "fields": {"parent_set": 26, "award": 3, "name": "Wolf Elective 13a", "contents": "Make a list of all the birds you saw in a week and tell where you saw them (field, forest, marsh, yard, or park).", "additional_info": ""}}, {"pk": 179, "model": "wocus.requirement", "fields": {"parent_set": 26, "award": 3, "name": "Wolf Elective 13T", "contents": "s elective is also part of the Cub Scout World Conservation Award.", "additional_info": ""}}, {"pk": 180, "model": "wocus.requirement", "fields": {"parent_set": null, "award": 3, "name": "Wolf Elective 14", "contents": " Pets", "additional_info": ""}}, {"pk": 181, "model": "wocus.requirement", "fields": {"parent_set": 27, "award": 3, "name": "Wolf Elective 14d", "contents": "Tell what is meant by rabid. Name some animals that can have rabies. Tell what you should do if you see a dog or wild animal that is behaving strangely. Tell what you should do if you find a dead animal.", "additional_info": ""}}, {"pk": 182, "model": "wocus.requirement", "fields": {"parent_set": 27, "award": 3, "name": "Wolf Elective 14c", "contents": "Read a book about a pet and tell about it at a den meeting.", "additional_info": ""}}, {"pk": 183, "model": "wocus.requirement", "fields": {"parent_set": 27, "award": 3, "name": "Wolf Elective 14b", "contents": "Know what to do when you meet a strange dog.", "additional_info": ""}}, {"pk": 184, "model": "wocus.requirement", "fields": {"parent_set": 27, "award": 3, "name": "Wolf Elective 14a", "contents": "Take care of a pet.", "additional_info": ""}}, {"pk": 185, "model": "wocus.requirement", "fields": {"parent_set": null, "award": 3, "name": "Wolf Elective 15", "contents": " Grow Something", "additional_info": ""}}, {"pk": 186, "model": "wocus.requirement", "fields": {"parent_set": 28, "award": 3, "name": "Wolf Elective 15e", "contents": "Visit a botanical garden or other agricultural exhibition in your area.", "additional_info": ""}}, {"pk": 187, "model": "wocus.requirement", "fields": {"parent_set": 28, "award": 3, "name": "Wolf Elective 15c", "contents": "Grow a plant indoors.", "additional_info": ""}}, {"pk": 188, "model": "wocus.requirement", "fields": {"parent_set": 28, "award": 3, "name": "Wolf Elective 15d", "contents": "Plant and raise vegetables.", "additional_info": ""}}, {"pk": 189, "model": "wocus.requirement", "fields": {"parent_set": 28, "award": 3, "name": "Wolf Elective 15b", "contents": "Plant and raise a flower bed.", "additional_info": ""}}, {"pk": 190, "model": "wocus.requirement", "fields": {"parent_set": 28, "award": 3, "name": "Wolf Elective 15a", "contents": "Plant and raise a box garden.", "additional_info": ""}}, {"pk": 191, "model": "wocus.requirement", "fields": {"parent_set": null, "award": 3, "name": "Wolf Elective 16", "contents": " Family Alert", "additional_info": ""}}, {"pk": 192, "model": "wocus.requirement", "fields": {"parent_set": 29, "award": 3, "name": "Wolf Elective 16c", "contents": "Make a list of your first-aid supplies, or make a first-aid kit. Know where the first-aid things are kept.", "additional_info": ""}}, {"pk": 193, "model": "wocus.requirement", "fields": {"parent_set": 29, "award": 3, "name": "Wolf Elective 16a", "contents": "Talk with your family about what you will do in an emergency.", "additional_info": ""}}, {"pk": 194, "model": "wocus.requirement", "fields": {"parent_set": 29, "award": 3, "name": "Wolf Elective 16b", "contents": "In case of a bad storm or flood, know where you can get safe food and water in your home. Tell how to purify water. Show one way. Know where and how to shut off water, electricity, gas, or oil.", "additional_info": ""}}, {"pk": 195, "model": "wocus.requirement", "fields": {"parent_set": null, "award": 3, "name": "Wolf Elective 17", "contents": " Tie It Right", "additional_info": ""}}, {"pk": 196, "model": "wocus.requirement", "fields": {"parent_set": 30, "award": 3, "name": "Wolf Elective 17f", "contents": "Learn to tie a necktie.", "additional_info": ""}}, {"pk": 197, "model": "wocus.requirement", "fields": {"parent_set": 30, "award": 3, "name": "Wolf Elective 17g", "contents": "Wrap the end of a rope with tape to keep it from unwinding.", "additional_info": ""}}, {"pk": 198, "model": "wocus.requirement", "fields": {"parent_set": 30, "award": 3, "name": "Wolf Elective 17e", "contents": "Tie two cords together with an overhand knot.", "additional_info": ""}}, {"pk": 199, "model": "wocus.requirement", "fields": {"parent_set": 30, "award": 3, "name": "Wolf Elective 17d", "contents": "Tie a stack of newspapers the right way.", "additional_info": ""}}, {"pk": 200, "model": "wocus.requirement", "fields": {"parent_set": 30, "award": 3, "name": "Wolf Elective 17c", "contents": "Wrap and tie a package so that it is neat and tight.", "additional_info": ""}}, {"pk": 201, "model": "wocus.requirement", "fields": {"parent_set": 30, "award": 3, "name": "Wolf Elective 17b", "contents": "Tie your shoelaces with a square bow knot.", "additional_info": ""}}, {"pk": 202, "model": "wocus.requirement", "fields": {"parent_set": 30, "award": 3, "name": "Wolf Elective 17a", "contents": "Learn to tie an overhand knot and a square knot.", "additional_info": ""}}, {"pk": 203, "model": "wocus.requirement", "fields": {"parent_set": null, "award": 3, "name": "Wolf Elective 18", "contents": " Outdoor Adventure", "additional_info": ""}}, {"pk": 204, "model": "wocus.requirement", "fields": {"parent_set": 31, "award": 3, "name": "Wolf Elective 18g", "contents": "Point out poisonous plants. Tell what to do if you accidentally touch one of them.", "additional_info": ""}}, {"pk": 205, "model": "wocus.requirement", "fields": {"parent_set": 31, "award": 3, "name": "Wolf Elective 18e", "contents": "Help plan and lay out an adventure trail.", "additional_info": ""}}, {"pk": 206, "model": "wocus.requirement", "fields": {"parent_set": 31, "award": 3, "name": "Wolf Elective 18f", "contents": "Take part in two summertime pack events with your den.", "additional_info": ""}}, {"pk": 207, "model": "wocus.requirement", "fields": {"parent_set": 31, "award": 3, "name": "Wolf Elective 18d", "contents": "Help plan and lay out an obstacle race. Use this idea or make up your own.", "additional_info": ""}}, {"pk": 208, "model": "wocus.requirement", "fields": {"parent_set": 31, "award": 3, "name": "Wolf Elective 18c", "contents": "Help plan and lay out a treasure hunt something like this.", "additional_info": ""}}, {"pk": 209, "model": "wocus.requirement", "fields": {"parent_set": 31, "award": 3, "name": "Wolf Elective 18b", "contents": "With an adult, help plan and run a family or den outing.", "additional_info": ""}}, {"pk": 210, "model": "wocus.requirement", "fields": {"parent_set": 31, "award": 3, "name": "Wolf Elective 18a", "contents": "Help plan and hold a picnic with your family or den.", "additional_info": ""}}, {"pk": 211, "model": "wocus.requirement", "fields": {"parent_set": null, "award": 3, "name": "Wolf Elective 19", "contents": " Fishing", "additional_info": ""}}, {"pk": 212, "model": "wocus.requirement", "fields": {"parent_set": 32, "award": 3, "name": "Wolf Elective 19f", "contents": "Show how to use a rod and reel.", "additional_info": ""}}, {"pk": 213, "model": "wocus.requirement", "fields": {"parent_set": 32, "award": 3, "name": "Wolf Elective 19e", "contents": "Tell about some of the fishing laws where you live.", "additional_info": ""}}, {"pk": 214, "model": "wocus.requirement", "fields": {"parent_set": 32, "award": 3, "name": "Wolf Elective 19d", "contents": "Know the rules of safe fishing.", "additional_info": ""}}, {"pk": 215, "model": "wocus.requirement", "fields": {"parent_set": 32, "award": 3, "name": "Wolf Elective 19c", "contents": "Fish with members of your family or an adult. Bait your hook and do your best to catch a fish.", "additional_info": ""}}, {"pk": 216, "model": "wocus.requirement", "fields": {"parent_set": 32, "award": 3, "name": "Wolf Elective 19b", "contents": "Rig a pole with the right kind of line and hook. Attach a bobber and sinker, if you need them. Then go fishing.", "additional_info": ""}}, {"pk": 217, "model": "wocus.requirement", "fields": {"parent_set": 32, "award": 3, "name": "Wolf Elective 19a", "contents": "Identify five different kinds of fish.", "additional_info": ""}}, {"pk": 218, "model": "wocus.requirement", "fields": {"parent_set": null, "award": 3, "name": "Wolf Elective 20", "contents": " Sports", "additional_info": ""}}, {"pk": 219, "model": "wocus.requirement", "fields": {"parent_set": 33, "award": 3, "name": "Wolf Elective 20d", "contents": "Understand the safety and courtesy code for skiing. Show walking and the kick turn. Do climbing with a side step or herringbone. Show the snowplow or stem turn, and how to get up from a fall.", "additional_info": ""}}, {"pk": 220, "model": "wocus.requirement", "fields": {"parent_set": 33, "award": 3, "name": "Wolf Elective 20c", "contents": "Earn the Cub Scouting shooting sports Archery belt loop.", "additional_info": ""}}, {"pk": 221, "model": "wocus.requirement", "fields": {"parent_set": 33, "award": 3, "name": "Wolf Elective 20b", "contents": "Know boating safety rules.", "additional_info": ""}}, {"pk": 222, "model": "wocus.requirement", "fields": {"parent_set": 33, "award": 3, "name": "Wolf Elective 20a", "contents": "Play a game of tennis, table tennis, or badminton.", "additional_info": ""}}, {"pk": 223, "model": "wocus.requirement", "fields": {"parent_set": 33, "award": 3, "name": "Wolf Elective 20e", "contents": "Know the safety rules for ice skating. Skate, without falling, as far as you can walk in 50 steps. Come to a stop. Turn from forward to backward.", "additional_info": ""}}, {"pk": 224, "model": "wocus.requirement", "fields": {"parent_set": 33, "award": 3, "name": "Wolf Elective 20f", "contents": "In roller skating, know the safety rules. From a standing start, skate forward as far as you can walk in 50 steps. Come to a stop within 10 walking steps. Skate around a corner one way without coasting. Then do the same coming back. Turn from forward to backward.", "additional_info": ""}}, {"pk": 225, "model": "wocus.requirement", "fields": {"parent_set": 33, "award": 3, "name": "Wolf Elective 20g", "contents": "Go bowling.", "additional_info": ""}}, {"pk": 226, "model": "wocus.requirement", "fields": {"parent_set": 33, "award": 3, "name": "Wolf Elective 20h", "contents": "Show how to make a sprint start in track. See how far you can run in 10 seconds.", "additional_info": ""}}, {"pk": 227, "model": "wocus.requirement", "fields": {"parent_set": 33, "award": 3, "name": "Wolf Elective 20i", "contents": "Do a standing long jump. Jump as far as you can.", "additional_info": ""}}, {"pk": 228, "model": "wocus.requirement", "fields": {"parent_set": 33, "award": 3, "name": "Wolf Elective 20j", "contents": "Play a game of flag football.", "additional_info": ""}}, {"pk": 229, "model": "wocus.requirement", "fields": {"parent_set": 33, "award": 3, "name": "Wolf Elective 20k", "contents": "Show how to dribble and kick a soccer ball. Take part in a game.", "additional_info": ""}}, {"pk": 230, "model": "wocus.requirement", "fields": {"parent_set": 33, "award": 3, "name": "Wolf Elective 20l", "contents": "Play a game of baseball or softball.", "additional_info": ""}}, {"pk": 231, "model": "wocus.requirement", "fields": {"parent_set": 33, "award": 3, "name": "Wolf Elective 20m", "contents": "Show how to shoot, pass, and dribble a basketball. Take part in a game.", "additional_info": ""}}, {"pk": 232, "model": "wocus.requirement", "fields": {"parent_set": 33, "award": 3, "name": "Wolf Elective 20n", "contents": "Earn the Cub Scouting shooting sports BB-gun shooting belt loop.", "additional_info": ""}}, {"pk": 233, "model": "wocus.requirement", "fields": {"parent_set": 33, "award": 3, "name": "Wolf Elective 20o", "contents": "With your den, participate in four outdoor physical fitness-related activities.", "additional_info": ""}}, {"pk": 234, "model": "wocus.requirement", "fields": {"parent_set": null, "award": 3, "name": "Wolf Elective 21", "contents": " Computers", "additional_info": ""}}, {"pk": 235, "model": "wocus.requirement", "fields": {"parent_set": 34, "award": 3, "name": "Wolf Elective 21c", "contents": "Tell what a computer mouse is. Describe how a CD-ROM is used.", "additional_info": ""}}, {"pk": 236, "model": "wocus.requirement", "fields": {"parent_set": 34, "award": 3, "name": "Wolf Elective 21b", "contents": "Explain what a computer program does. Use a program to write a report for school, to write a letter, or for something.", "additional_info": ""}}, {"pk": 237, "model": "wocus.requirement", "fields": {"parent_set": 34, "award": 3, "name": "Wolf Elective 21a", "contents": "Visit a business where computers are used. Find out what the computers do.", "additional_info": ""}}, {"pk": 238, "model": "wocus.requirement", "fields": {"parent_set": null, "award": 3, "name": "Wolf Elective 22", "contents": " Say It Right", "additional_info": ""}}, {"pk": 239, "model": "wocus.requirement", "fields": {"parent_set": 35, "award": 3, "name": "Wolf Elective 22e", "contents": "Invite a boy to join Cub Scouting or help a new Cub Scout through the Bobcat trail.", "additional_info": ""}}, {"pk": 240, "model": "wocus.requirement", "fields": {"parent_set": 35, "award": 3, "name": "Wolf Elective 22d", "contents": "Tell how to get to a nearby fire station or police station from your home, your den meeting place, and school. Use directions and street names.", "additional_info": ""}}, {"pk": 241, "model": "wocus.requirement", "fields": {"parent_set": 35, "award": 3, "name": "Wolf Elective 22c", "contents": "Tell a short story to your den, your den leader, or an adult.", "additional_info": ""}}, {"pk": 242, "model": "wocus.requirement", "fields": {"parent_set": 35, "award": 3, "name": "Wolf Elective 22a", "contents": "Say \"hello\" in a language other than English.", "additional_info": ""}}, {"pk": 243, "model": "wocus.requirement", "fields": {"parent_set": 35, "award": 3, "name": "Wolf Elective 22b", "contents": "Count to 10 in a language other than English.", "additional_info": ""}}, {"pk": 244, "model": "wocus.requirement", "fields": {"parent_set": null, "award": 3, "name": "Wolf Elective 23", "contents": " Let's Go Camping", "additional_info": ""}}, {"pk": 245, "model": "wocus.requirement", "fields": {"parent_set": 36, "award": 3, "name": "Wolf Elective 23h", "contents": "With your den or pack or family, participate in a worship service outdoors.", "additional_info": ""}}, {"pk": 246, "model": "wocus.requirement", "fields": {"parent_set": 36, "award": 3, "name": "Wolf Elective 23g", "contents": "Participate with your den at a campfire in front of your pack.", "additional_info": ""}}, {"pk": 247, "model": "wocus.requirement", "fields": {"parent_set": 36, "award": 3, "name": "Wolf Elective 23f", "contents": "Attend resident camp in your area.", "additional_info": ""}}, {"pk": 248, "model": "wocus.requirement", "fields": {"parent_set": 36, "award": 3, "name": "Wolf Elective 23e", "contents": "Attend day camp in your area.", "additional_info": ""}}, {"pk": 249, "model": "wocus.requirement", "fields": {"parent_set": 36, "award": 3, "name": "Wolf Elective 23d", "contents": "Explain Buddy System.", "additional_info": ""}}, {"pk": 250, "model": "wocus.requirement", "fields": {"parent_set": 36, "award": 3, "name": "Wolf Elective 23c", "contents": "Tell what to do if you get lost.", "additional_info": ""}}, {"pk": 251, "model": "wocus.requirement", "fields": {"parent_set": 36, "award": 3, "name": "Wolf Elective 23b", "contents": "Explain the basics of how to take care of yourself in the outdoors.", "additional_info": ""}}, {"pk": 252, "model": "wocus.requirement", "fields": {"parent_set": 36, "award": 3, "name": "Wolf Elective 23a", "contents": "Participate with your pack on an overnight campout.", "additional_info": ""}}, {"pk": 253, "model": "wocus.requirement", "fields": {"parent_set": null, "award": 4, "name": "Art Belt Loop Requirement 1", "contents": "Make a list of common materials used to create visual art compositions", "additional_info": ""}}, {"pk": 254, "model": "wocus.requirement", "fields": {"parent_set": null, "award": 4, "name": "Art Belt Loop Requirement 2", "contents": "Demonstrate how six of the following elements of design are used in a drawing: lines, circles, dots, shapes, colors, patterns, textures, space, balance, or perspective.", "additional_info": ""}}, {"pk": 255, "model": "wocus.requirement", "fields": {"parent_set": null, "award": 4, "name": "Art Belt Loop Requirement 2", "contents": "Identify the three primary colors and the three secondary colors that can be made by mixing them. Show how this is done using paints or markers. Use the primary and secondary colors to create a painting.", "additional_info": ""}}, {"pk": 256, "model": "wocus.requirement", "fields": {"parent_set": null, "award": 5, "name": "Flag Football Belt Loop Requirement 1", "contents": "Explain or discuss the simple rules of flag football with your den.", "additional_info": ""}}, {"pk": 257, "model": "wocus.requirement", "fields": {"parent_set": null, "award": 5, "name": "Flag Football Belt Loop Requirement 2", "contents": "Practice running, passing, and catching skills for at least 30 minutes.", "additional_info": ""}}, {"pk": 258, "model": "wocus.requirement", "fields": {"parent_set": null, "award": 5, "name": "Flag Football Belt Loop Requirement 3", "contents": "Play a game of flag football.", "additional_info": ""}}, {"pk": 1, "model": "wocus.adult", "fields": {"first_name": "Eli", "last_name": "Ribble"}}, {"pk": 2, "model": "wocus.adult", "fields": {"first_name": "Rollin", "last_name": "Skinner"}}, {"pk": 1, "model": "wocus.pack", "fields": {"number": 1234}}, {"pk": 1, "model": "wocus.den", "fields": {"den_type": "F", "leader": 1, "pack": 1}}, {"pk": 1, "model": "wocus.cubscout", "fields": {"first_name": "Carter", "last_name": "Wray", "den": 1, "birthday": "2002-01-23"}}, {"pk": 2, "model": "wocus.cubscout", "fields": {"first_name": "Cameron", "last_name": "Bochat", "den": 1, "birthday": "2001-12-29"}}, {"pk": 3, "model": "wocus.cubscout", "fields": {"first_name": "Brennan", "last_name": "Brown", "den": 1, "birthday": "2002-11-13"}}]
